name,time,air_quality_index,co2_level,device_id,humidity,noise_level,region,temperature
sensor_data,1718163051000000000,475,2.2895,dev-446,13.8642,38.6306,turku,-5.68573
sensor_data,1718246104000000000,430,16.9215,dev-958,90.589,46.338,tampere,11.5482
sensor_data,1718310842000000000,182,22.1781,dev-122,82.6314,26.6249,helsinki,17.9281
sensor_data,1718388356000000000,45,37.9726,dev-472,50.1763,69.3484,tampere,11.8623
sensor_data,1718438267000000000,5,87.261,dev-477,65.2967,53.7487,tampere,21.0381
sensor_data,1718478953000000000,260,70.1203,dev-361,67.5089,4.69191,helsinki,20.9999
sensor_data,1718484460000000000,235,5.92747,dev-691,13.5169,57.1333,turku,0.313372
sensor_data,1718513196000000000,205,41.5433,dev-252,53.4254,49.4032,turku,3.53152
sensor_data,1718516816000000000,405,69.3639,dev-024,54.8671,2.19212,helsinki,-8.54137
sensor_data,1718559425000000000,282,69.7414,dev-725,0.84652,76.455,turku,17.1034
sensor_data,1718608154000000000,103,70.6316,dev-275,46.9061,48.7261,turku,-2.03035
sensor_data,1718608861000000000,0,33.8819,dev-855,57.7351,29.1193,turku,-3.47614
sensor_data,1718675669000000000,22,15.7815,dev-582,19.378,50.4345,turku,-6.23961
sensor_data,1718758520000000000,186,39.5052,dev-513,41.5809,18.192,tampere,6.18466
sensor_data,1718790005000000000,439,55.7413,dev-859,21.4609,28.4198,helsinki,17.5895
sensor_data,1718843952000000000,261,52.5418,dev-830,47.1164,6.75831,helsinki,19.9403
sensor_data,1718875320000000000,422,18.6512,dev-797,99.5559,46.5848,turku,3.30772
sensor_data,1718899598000000000,306,22.0575,dev-370,87.8555,6.55992,tampere,6.10619
sensor_data,1718939750000000000,322,40.1692,dev-444,82.8033,71.7526,tampere,8.54182
sensor_data,1718948969000000000,263,59.6518,dev-368,76.7906,27.7927,helsinki,-2.28004
sensor_data,1718967889000000000,81,76.949,dev-288,72.5226,8.10699,helsinki,21.2129
sensor_data,1718979284000000000,470,74.4919,dev-759,25.7536,42.4708,turku,-5.78369
sensor_data,1719011781000000000,488,33.0879,dev-690,94.6716,14.977,tampere,20.6869
sensor_data,1719035212000000000,118,25.8802,dev-448,2.86626,15.9464,helsinki,22.7695
sensor_data,1719151362000000000,30,38.8862,dev-158,44.5138,32.8433,turku,17.2513
sensor_data,1719154459000000000,264,54.8796,dev-904,84.4744,69.5478,turku,-0.485823
sensor_data,1719192478000000000,240,20.5044,dev-570,58.6146,67.6178,turku,21.0247
sensor_data,1719211662000000000,159,19.5602,dev-485,34.5752,16.6508,turku,13.2398
sensor_data,1719268854000000000,259,85.5542,dev-746,76.6995,69.7822,tampere,20.2766
sensor_data,1719389044000000000,10,73.8567,dev-172,78.7863,46.0514,helsinki,23.8104
sensor_data,1719507693000000000,327,94.9341,dev-866,23.39,27.3333,turku,23.6791
sensor_data,1719662461000000000,205,82.4879,dev-774,6.86372,33.2289,turku,14.1838
sensor_data,1719712391000000000,238,49.7676,dev-686,17.0337,19.2197,tampere,4.77135
sensor_data,1719869435000000000,19,4.13224,dev-113,78.2391,16.0799,helsinki,-4.03814
sensor_data,1719947469000000000,236,98.5913,dev-271,76.5257,41.166,turku,7.01026
sensor_data,1719995055000000000,388,21.1951,dev-834,26.4876,63.3978,helsinki,0.937743
sensor_data,1720044315000000000,340,49.0834,dev-437,27.1057,42.1803,tampere,-8.70375
sensor_data,1720067804000000000,10,9.38188,dev-182,62.0856,30.3454,helsinki,0.802216
sensor_data,1720089386000000000,423,89.4467,dev-892,50.2538,62.6507,turku,8.51535
sensor_data,1720171040000000000,136,13.426,dev-592,69.6555,66.0334,helsinki,11.0556
sensor_data,1720550913000000000,413,61.4861,dev-541,94.0152,47.4686,tampere,21.5834
sensor_data,1720557630000000000,403,81.027,dev-804,40.2685,78.0662,tampere,17.5808
sensor_data,1720597093000000000,136,83.4265,dev-483,49.404,75.3514,helsinki,20.3601
sensor_data,1720626475000000000,245,70.7717,dev-933,49.555,0.926567,tampere,10.4434
sensor_data,1720638705000000000,136,93.5218,dev-035,26.1711,46.1189,tampere,15.7283
sensor_data,1720639202000000000,494,38.5223,dev-526,62.3665,50.1273,turku,-6.65987
sensor_data,1720640050000000000,468,22.1977,dev-772,95.3875,12.7826,helsinki,-3.0304
sensor_data,1720654296000000000,490,12.3277,dev-976,66.9758,7.14677,turku,0.462878
sensor_data,1720660543000000000,300,58.0302,dev-372,99.9623,50.5533,turku,-6.16461
sensor_data,1720669725000000000,259,51.6524,dev-142,7.78733,27.3054,tampere,-1.15071
sensor_data,1720699047000000000,229,3.36674,dev-686,85.8402,10.8867,turku,2.82038
sensor_data,1720847778000000000,369,56.2551,dev-376,4.79486,21.7748,tampere,6.6251
sensor_data,1720867690000000000,18,45.5031,dev-118,80.5554,52.7058,helsinki,13.1921
sensor_data,1721084261000000000,366,63.3829,dev-619,44.0587,28.1934,helsinki,-8.30931
sensor_data,1721126748000000000,6,1.56006,dev-165,62.4265,52.7502,turku,3.03135
sensor_data,1721161719000000000,258,67.1179,dev-775,2.98494,24.1413,helsinki,13.5901
sensor_data,1721164125000000000,456,45.1902,dev-443,55.9061,23.4636,helsinki,14.5739
sensor_data,1721171392000000000,237,78.9943,dev-835,70.4526,37.8956,tampere,0.42398
sensor_data,1721444351000000000,266,63.9294,dev-149,99.251,54.835,turku,13.8651
sensor_data,1721476191000000000,222,50.9218,dev-753,15.5174,27.404,turku,-8.46974
sensor_data,1721627478000000000,83,62.6562,dev-003,7.70935,71.0374,helsinki,21.0281
sensor_data,1721669368000000000,199,76.9444,dev-701,66.0208,67.7805,tampere,13.5697
sensor_data,1721783640000000000,89,6.02577,dev-244,40.11,56.1899,tampere,4.65409
sensor_data,1721907564000000000,361,61.1213,dev-082,20.7301,25.6223,helsinki,10.5498
sensor_data,1721927984000000000,84,23.0274,dev-024,31.8727,9.37429,helsinki,-8.24437
sensor_data,1722079197000000000,9,19.8151,dev-490,81.8227,31.2926,helsinki,16.9103
sensor_data,1722082340000000000,176,56.7411,dev-432,1.74182,79.0358,turku,12.8292
sensor_data,1722138009000000000,57,95.1631,dev-361,21.8613,32.4918,tampere,-1.17567
sensor_data,1722147601000000000,52,49.5042,dev-488,92.4942,14.708,tampere,22.056
sensor_data,1722189432000000000,22,73.9215,dev-454,11.6971,67.0632,helsinki,9.72652
sensor_data,1722199002000000000,311,24.7445,dev-943,45.5614,43.0547,turku,-1.3702
sensor_data,1722330425000000000,221,84.0755,dev-538,15.3148,65.5585,turku,17.8888
sensor_data,1722364590000000000,386,97.5317,dev-056,25.4394,75.5058,tampere,-0.732799
sensor_data,1722481467000000000,9,4.73672,dev-343,45.7946,39.7248,helsinki,-9.36182
sensor_data,1722512771000000000,105,88.5959,dev-402,30.0414,43.6284,turku,24.0347
sensor_data,1722519483000000000,284,84.1583,dev-660,87.9874,13.0794,turku,3.12566
sensor_data,1722646842000000000,179,54.367,dev-054,82.7887,78.9174,turku,4.78222
sensor_data,1722649550000000000,14,74.8256,dev-815,21.4589,62.9958,tampere,8.43038
sensor_data,1722668084000000000,238,93.25,dev-251,48.9215,73.5575,turku,19.7077
sensor_data,1722737289000000000,146,61.9333,dev-909,71.1119,2.75454,helsinki,6.95685
sensor_data,1722737763000000000,178,65.1144,dev-337,69.7345,51.0035,helsinki,12.3337
sensor_data,1722787623000000000,184,11.0561,dev-445,30.2732,57.3186,tampere,-0.998586
sensor_data,1722804782000000000,150,83.6739,dev-705,73.687,66.1056,turku,-5.21619
sensor_data,1722813061000000000,69,30.0494,dev-389,84.4849,0.783945,tampere,5.32243
sensor_data,1722900223000000000,431,11.932,dev-348,26.5025,19.4153,helsinki,-8.00667
sensor_data,1722929558000000000,444,13.3396,dev-503,87.5361,12.27,turku,20.686
sensor_data,1722977358000000000,131,19.3904,dev-262,56.871,1.7252,turku,16.2927
sensor_data,1723043380000000000,474,45.8269,dev-183,87.0184,5.53729,helsinki,1.58684
sensor_data,1723044126000000000,41,35.3763,dev-231,47.3494,32.8019,tampere,3.44623
sensor_data,1723059498000000000,164,76.4274,dev-180,47.8399,52.6348,tampere,13.0496
sensor_data,1723083348000000000,65,12.822,dev-490,45.9293,26.4167,turku,8.26581
sensor_data,1723134611000000000,252,27.4894,dev-818,17.7988,35.5502,turku,4.14948
sensor_data,1723159223000000000,213,14.5398,dev-576,88.434,79.4435,helsinki,0.143012
sensor_data,1723247171000000000,105,15.1523,dev-378,48.4031,49.9837,turku,-8.69023
sensor_data,1723295955000000000,465,45.8542,dev-958,91.487,12.1606,tampere,15.2749
sensor_data,1723397243000000000,292,84.1572,dev-148,38.4547,15.9501,tampere,-0.182101
sensor_data,1723551835000000000,297,96.7071,dev-426,49.2831,60.9901,turku,-5.75154
sensor_data,1723615138000000000,262,76.7021,dev-448,80.9068,75.5179,tampere,9.54125
sensor_data,1723626958000000000,266,9.70464,dev-849,32.0302,73.5285,turku,2.42756
sensor_data,1723640167000000000,256,37.1393,dev-077,88.622,0.911524,tampere,17.9973
sensor_data,1723702378000000000,75,67.5833,dev-263,80.3328,34.2429,turku,22.9073
sensor_data,1723734404000000000,37,14.9918,dev-124,34.9832,31.6092,helsinki,12.4845
sensor_data,1723738184000000000,147,1.92353,dev-838,38.4498,64.1778,tampere,-4.64439
sensor_data,1723779752000000000,227,73.3351,dev-234,6.75025,35.4125,turku,19.1523
sensor_data,1723795034000000000,3,89.4607,dev-754,37.8721,8.54242,helsinki,-1.37018
sensor_data,1723873970000000000,142,92.0626,dev-284,84.5359,28.6814,tampere,18.9753
sensor_data,1723931960000000000,272,56.3584,dev-732,70.5641,76.2532,helsinki,13.313
sensor_data,1723972861000000000,462,46.684,dev-008,2.30704,29.9783,turku,-4.50018
sensor_data,1724010263000000000,318,21.4061,dev-389,42.755,79.3972,helsinki,-1.59508
sensor_data,1724022340000000000,500,42.3078,dev-005,41.3428,51.9879,turku,12.3391
sensor_data,1724071100000000000,368,57.5748,dev-781,73.8284,5.19359,turku,-8.36068
sensor_data,1724131288000000000,489,44.7342,dev-595,95.8696,40.9218,helsinki,5.00568
sensor_data,1724158417000000000,242,31.7734,dev-586,60.0095,7.40759,turku,12.8433
sensor_data,1724162170000000000,90,21.224,dev-709,96.7664,57.1661,turku,6.03104
sensor_data,1724221274000000000,340,45.3779,dev-375,40.0963,74.3402,helsinki,13.4234
sensor_data,1724270667000000000,234,60.9726,dev-894,0.200691,67.8415,helsinki,5.75576
sensor_data,1724453081000000000,95,23.1294,dev-934,65.8986,21.9377,helsinki,5.07093
sensor_data,1724521448000000000,287,10.476,dev-861,69.2815,10.5754,turku,10.5544
sensor_data,1724550692000000000,472,72.62,dev-024,72.6787,7.12667,turku,0.739912
sensor_data,1724641350000000000,117,83.9506,dev-124,18.1126,22.3818,turku,18.2544
sensor_data,1724664597000000000,24,20.6088,dev-074,27.7438,65.7374,turku,0.612386
sensor_data,1724667925000000000,97,57.9003,dev-143,93.6536,64.0172,turku,16.4551
sensor_data,1724716686000000000,107,37.7972,dev-783,15.6993,49.0002,turku,21.4717
sensor_data,1724736041000000000,130,88.8612,dev-495,8.5768,48.9572,tampere,8.68075
sensor_data,1724858544000000000,297,81.6348,dev-094,14.822,5.28754,turku,1.34477
sensor_data,1724868078000000000,66,43.6192,dev-816,26.1983,50.9272,helsinki,15.9103
sensor_data,1724897657000000000,163,46.8804,dev-272,67.7958,41.9374,helsinki,-1.98615
sensor_data,1724912028000000000,94,89.0766,dev-592,90.699,5.45964,helsinki,2.22642
sensor_data,1724988441000000000,196,59.0067,dev-496,31.2481,30.6843,tampere,6.04605
sensor_data,1725050482000000000,71,49.8495,dev-387,62.6816,22.2823,helsinki,-1.88146
sensor_data,1725181941000000000,12,67.1698,dev-604,48.4445,40.8202,tampere,22.2108
sensor_data,1725235044000000000,13,97.5055,dev-411,6.83239,60.5585,tampere,1.8639
sensor_data,1725419136000000000,125,70.0808,dev-105,98.8599,52.0898,tampere,14.7774
sensor_data,1725499001000000000,274,4.84429,dev-169,26.3039,0.0579755,tampere,-8.35248
sensor_data,1725541256000000000,477,98.7223,dev-935,73.2473,19.2292,helsinki,-8.15751
sensor_data,1725572530000000000,199,51.4496,dev-933,22.0423,27.1377,tampere,10.7391
sensor_data,1725617666000000000,264,65.6126,dev-907,48.3314,61.0847,helsinki,14.7808
sensor_data,1725634595000000000,396,11.8833,dev-296,9.60399,64.6857,helsinki,-2.94698
sensor_data,1725673737000000000,76,79.7776,dev-365,50.474,52.912,tampere,-8.80189
sensor_data,1725776336000000000,309,30.1262,dev-492,30.018,33.7189,tampere,23.1198
sensor_data,1725794953000000000,407,2.80777,dev-266,81.3029,25.0909,helsinki,-7.59561
sensor_data,1725854851000000000,151,49.2057,dev-425,11.1524,41.7018,tampere,21.6357
sensor_data,1725867508000000000,437,69.1913,dev-826,64.5359,38.68,helsinki,-1.47596
sensor_data,1725958970000000000,120,13.4727,dev-548,98.8555,65.7525,turku,2.07705
sensor_data,1725987390000000000,280,3.00966,dev-918,70.2071,40.3944,tampere,12.9416
sensor_data,1726110527000000000,217,68.9645,dev-467,82.9171,55.3655,helsinki,-8.19201
sensor_data,1726173213000000000,276,90.58,dev-092,23.525,38.9915,turku,-0.387486
sensor_data,1726200030000000000,250,65.0289,dev-080,89.3759,1.46427,turku,8.31416
sensor_data,1726254761000000000,51,99.7838,dev-407,9.51263,2.49274,turku,8.63379
sensor_data,1726316255000000000,374,46.7391,dev-560,78.9088,14.1871,turku,22.8847
sensor_data,1726356369000000000,274,30.3071,dev-420,15.9714,60.9443,helsinki,-6.53054
sensor_data,1726372683000000000,451,2.49758,dev-095,23.2621,40.9363,tampere,-8.57546
sensor_data,1726386560000000000,321,64.688,dev-540,6.22275,75.9207,helsinki,-7.90136
sensor_data,1726419390000000000,67,11.3893,dev-280,32.8165,39.9007,helsinki,3.18572
sensor_data,1726510804000000000,383,15.4715,dev-402,77.6813,3.09283,turku,1.08065
sensor_data,1726657685000000000,82,80.5976,dev-514,81.7422,48.531,helsinki,9.0508
sensor_data,1726670893000000000,282,82.2199,dev-628,20.3821,2.46568,helsinki,22.5189
sensor_data,1726715588000000000,345,73.1942,dev-354,62.315,53.8402,turku,17.8414
sensor_data,1726725543000000000,109,72.1218,dev-710,95.6278,41.4512,turku,12.8983
sensor_data,1726851978000000000,407,50.9698,dev-088,7.8713,29.2219,helsinki,18.6078
sensor_data,1726867501000000000,351,14.6807,dev-494,61.8447,37.417,tampere,-9.76188
sensor_data,1726875541000000000,0,12.545,dev-049,52.7991,33.6921,helsinki,-8.03359
sensor_data,1726907101000000000,291,25.2129,dev-577,37.6282,6.49651,helsinki,16.1532
sensor_data,1726913619000000000,390,52.0297,dev-833,70.704,30.1991,helsinki,14.706
sensor_data,1726951341000000000,23,45.2713,dev-307,48.4283,21.8361,tampere,18.0749
sensor_data,1726960505000000000,212,43.6403,dev-896,48.6304,26.1561,tampere,10.6159
sensor_data,1726977075000000000,294,91.4458,dev-940,98.6313,21.8477,turku,6.69475
sensor_data,1727022259000000000,123,7.38494,dev-206,13.8087,30.5361,tampere,6.00843
sensor_data,1727039081000000000,473,42.9629,dev-873,6.29987,79.7295,turku,7.91615
sensor_data,1727062777000000000,410,81.7557,dev-349,67.7696,76.835,turku,11.0055
sensor_data,1727065084000000000,405,53.486,dev-857,31.1653,40.8261,turku,-9.01159
sensor_data,1727066251000000000,167,52.5754,dev-956,99.3826,18.8741,tampere,9.76984
sensor_data,1727096414000000000,30,8.37145,dev-389,14.4389,27.2642,turku,18.2326
sensor_data,1727151045000000000,143,10.2379,dev-477,40.616,34.4221,turku,0.9764
sensor_data,1727185830000000000,490,53.8397,dev-593,91.821,74.8008,turku,-5.54746
sensor_data,1727191287000000000,311,29.0154,dev-354,11.822,35.4833,helsinki,24.4737
sensor_data,1727293027000000000,452,72.6604,dev-339,20.811,4.19343,helsinki,4.91512
sensor_data,1727357167000000000,188,65.0521,dev-608,10.4937,30.1503,tampere,20.09
sensor_data,1727369469000000000,399,41.7411,dev-751,78.0814,19.5091,turku,21.8086
sensor_data,1727498150000000000,193,71.3241,dev-072,60.1315,45.6322,turku,23.9735
sensor_data,1727579743000000000,460,50.6595,dev-092,94.6918,79.3322,tampere,14.0467
sensor_data,1727642761000000000,275,89.7433,dev-839,14.6853,7.64653,helsinki,-3.59659
sensor_data,1727646802000000000,256,26.9693,dev-104,25.0028,17.2656,helsinki,-5.78927
sensor_data,1727672105000000000,407,9.65186,dev-624,10.5545,14.7241,turku,21.7272
sensor_data,1727844048000000000,88,84.7291,dev-361,85.5894,40.7603,tampere,24.7025
sensor_data,1727968997000000000,469,78.2963,dev-167,71.7429,35.4507,helsinki,-3.28059
sensor_data,1727980393000000000,12,83.7221,dev-685,76.4942,46.0375,tampere,12.3843
sensor_data,1728013052000000000,193,1.62835,dev-022,85.8529,37.9599,turku,-0.311553
sensor_data,1728017991000000000,365,27.3699,dev-895,61.6793,41.2287,turku,-7.35783
sensor_data,1728034646000000000,227,15.3191,dev-127,75.9547,61.5589,turku,0.0968945
sensor_data,1728049961000000000,147,48.6819,dev-478,73.2415,41.8914,turku,4.07296
sensor_data,1728053589000000000,297,60.6162,dev-514,46.0951,12.9128,tampere,-4.91135
sensor_data,1728065742000000000,245,64.4093,dev-379,45.8686,29.3208,helsinki,-6.86214
sensor_data,1728090306000000000,480,8.20407,dev-056,10.0412,66.1353,tampere,-8.09356
sensor_data,1728222359000000000,386,91.324,dev-754,16.3262,32.6254,tampere,24.2039
sensor_data,1728253126000000000,90,57.9345,dev-632,17.7326,7.08472,turku,3.01386
sensor_data,1728307338000000000,306,84.7796,dev-779,55.0837,3.59974,tampere,24.4213
sensor_data,1728327083000000000,462,15.3466,dev-374,86.0783,56.8395,tampere,17.8472
sensor_data,1728364227000000000,247,40.0263,dev-127,94.1072,65.1305,helsinki,20.564
sensor_data,1728393196000000000,294,42.0334,dev-993,71.8065,27.554,turku,7.06998
sensor_data,1728431791000000000,486,1.6975,dev-651,8.35181,6.53921,turku,9.33005
sensor_data,1728437439000000000,52,58.1524,dev-714,93.0298,19.9501,tampere,20.3164
sensor_data,1728487706000000000,26,32.4322,dev-376,51.6406,10.9654,turku,6.61329
sensor_data,1728493983000000000,304,37.1982,dev-539,69.6125,76.8889,turku,24.6679
sensor_data,1728529576000000000,94,45.4089,dev-642,44.8117,64.4812,turku,0.631894
sensor_data,1728530227000000000,89,97.7038,dev-258,43.7529,8.47404,tampere,13.5768
sensor_data,1728580108000000000,206,11.0794,dev-718,38.1129,11.5139,turku,6.1502
sensor_data,1728653666000000000,16,37.1156,dev-361,29.9296,19.3387,helsinki,-1.97186
sensor_data,1728673343000000000,211,56.42,dev-494,4.60655,61.5309,tampere,4.97109
sensor_data,1728720150000000000,105,97.6345,dev-307,91.9427,8.71383,tampere,22.9861
sensor_data,1728772182000000000,340,89.2089,dev-168,44.5419,38.8292,turku,-7.32441
sensor_data,1728781017000000000,126,55.4253,dev-503,28.333,61.226,turku,-1.47115
sensor_data,1728805958000000000,187,11.1589,dev-276,73.5489,26.231,helsinki,-6.68686
sensor_data,1728818245000000000,192,22.0403,dev-396,20.63,58.2343,turku,-4.50113
sensor_data,1728834592000000000,442,57.3476,dev-880,5.0117,17.5905,tampere,-6.09659
sensor_data,1728893983000000000,489,66.3476,dev-574,79.4883,66.6109,tampere,-4.98622
sensor_data,1728963647000000000,158,99.6826,dev-397,68.2649,40.6376,helsinki,-3.6421
sensor_data,1728971037000000000,477,49.95,dev-846,26.3088,53.4757,turku,15.5148
sensor_data,1729197330000000000,4,42.7312,dev-648,67.5643,20.9735,turku,2.92299
sensor_data,1729318378000000000,421,46.4166,dev-274,52.8231,60.3677,tampere,17.2418
sensor_data,1729406490000000000,187,27.0925,dev-964,59.4354,12.081,tampere,9.49147
sensor_data,1729470187000000000,165,45.2246,dev-189,30.6547,45.6603,turku,9.41351
sensor_data,1729519477000000000,232,46.1675,dev-317,1.46721,33.1373,tampere,11.4096
sensor_data,1729549847000000000,432,30.4525,dev-975,61.4081,75.2355,helsinki,-1.90814
sensor_data,1729585879000000000,239,83.1596,dev-565,50.4083,14.4991,tampere,14.2258
sensor_data,1729646654000000000,6,29.11,dev-110,90.1266,76.8779,turku,17.5089
sensor_data,1729773384000000000,285,56.763,dev-618,53.3286,37.6732,turku,7.38187
sensor_data,1729823627000000000,440,47.1691,dev-107,31.9816,68.7693,tampere,17.5769
sensor_data,1729867727000000000,486,63.9752,dev-365,98.4487,37.1141,turku,-5.11738
sensor_data,1729876747000000000,415,46.442,dev-927,53.2394,10.0221,turku,-8.91342
sensor_data,1729929609000000000,49,64.9566,dev-543,18.309,55.3447,helsinki,-5.90341
sensor_data,1729959768000000000,105,0.566359,dev-194,41.1961,28.0424,helsinki,5.76886
sensor_data,1730020615000000000,62,77.3791,dev-705,4.03831,71.8196,helsinki,-5.99532
sensor_data,1730041438000000000,108,44.6419,dev-761,69.0968,2.96683,turku,10.5474
sensor_data,1730115706000000000,406,80.9999,dev-751,22.0703,5.1807,turku,17.0755
sensor_data,1730131158000000000,292,24.5874,dev-471,27.4753,74.8749,turku,19.0286
sensor_data,1730138783000000000,396,69.701,dev-701,64.3112,57.2705,turku,6.28819
sensor_data,1730139641000000000,69,70.2653,dev-170,48.5836,12.8406,helsinki,-5.62836
sensor_data,1730144857000000000,328,49.5167,dev-934,10.8259,4.70678,helsinki,14.0105
sensor_data,1730156771000000000,17,94.7408,dev-136,40.3861,65.5287,helsinki,8.35176
sensor_data,1730160042000000000,422,66.9299,dev-637,39.7758,70.963,turku,13.4585
sensor_data,1730287479000000000,242,52.2938,dev-633,37.5705,47.5128,turku,-5.61017
sensor_data,1730306107000000000,236,51.4142,dev-485,8.66825,5.88631,helsinki,-6.36915
sensor_data,1730344623000000000,270,73.4833,dev-887,21.8102,49.0888,tampere,-8.44943
sensor_data,1730451860000000000,22,39.9018,dev-929,66.9362,0.293162,turku,12.7901
sensor_data,1730458861000000000,62,63.7266,dev-460,53.9823,41.2996,turku,24.0978
sensor_data,1730503936000000000,44,86.5477,dev-104,96.9185,76.3617,tampere,10.5445
sensor_data,1730555057000000000,449,21.8799,dev-047,44.8766,31.1227,tampere,-4.04992
sensor_data,1730561979000000000,207,64.5247,dev-802,74.1374,45.4759,helsinki,-2.8319
sensor_data,1730758102000000000,390,98.4892,dev-625,75.2631,7.18811,turku,-9.0746
sensor_data,1730908042000000000,24,30.2051,dev-731,13.8125,34.2962,helsinki,-8.0595
sensor_data,1731013076000000000,235,76.3354,dev-967,27.0467,55.5601,turku,10.8601
sensor_data,1731041076000000000,47,53.6317,dev-161,82.0445,1.88111,turku,24.7461
sensor_data,1731061338000000000,426,25.7932,dev-220,36.4171,48.1878,turku,-1.98786
sensor_data,1731107432000000000,296,0.363294,dev-282,12.8782,60.3974,helsinki,12.3829
sensor_data,1731126248000000000,15,26.0874,dev-140,92.769,27.2145,turku,23.5597
sensor_data,1731193366000000000,352,84.4345,dev-421,11.2274,23.3996,helsinki,6.9952
sensor_data,1731248192000000000,114,6.03718,dev-526,91.675,19.4701,tampere,20.2787
sensor_data,1731248726000000000,108,40.9591,dev-324,85.0801,78.3163,helsinki,-1.00746
sensor_data,1731287523000000000,296,39.4513,dev-113,52.7437,26.873,turku,12.9901
sensor_data,1731336996000000000,255,5.55146,dev-894,50.2124,6.69942,turku,13.5553
sensor_data,1731347623000000000,19,7.85185,dev-855,58.1406,5.08181,helsinki,20.4149
sensor_data,1731505100000000000,438,4.71301,dev-073,6.30307,51.0496,helsinki,15.1913
sensor_data,1731571506000000000,444,4.09744,dev-863,99.7493,73.5617,turku,7.60996
sensor_data,1731573219000000000,73,79.0882,dev-874,20.5936,49.4532,turku,24.1965
sensor_data,1731576310000000000,38,91.7759,dev-756,48.9086,55.4234,helsinki,-8.99685
sensor_data,1731631865000000000,475,34.0319,dev-404,81.6785,56.0751,turku,-1.49357
sensor_data,1731656593000000000,466,50.3245,dev-531,73.8435,79.7932,turku,13.974
sensor_data,1731665875000000000,70,61.2466,dev-937,38.0536,74.743,turku,-8.28321
sensor_data,1731694029000000000,64,64.1852,dev-272,72.7158,31.3493,helsinki,-8.88712
sensor_data,1731741236000000000,154,66.3636,dev-846,73.8887,73.5888,tampere,18.102
sensor_data,1731826950000000000,133,41.4854,dev-405,92.1267,17.6123,helsinki,-6.84956
sensor_data,1731891042000000000,251,66.1723,dev-940,57.2117,34.1569,tampere,16.3558
sensor_data,1731922553000000000,346,73.7119,dev-215,58.8364,66.7742,tampere,19.6165
sensor_data,1731936153000000000,451,18.9666,dev-845,34.5295,58.692,turku,23.6919
sensor_data,1731943370000000000,116,65.9993,dev-419,28.2543,41.9996,tampere,2.90448
sensor_data,1731983175000000000,490,7.63858,dev-498,89.7644,47.1853,helsinki,-7.9645
sensor_data,1732105506000000000,273,69.4888,dev-588,59.5176,0.0517221,tampere,17.9852
sensor_data,1732122436000000000,407,22.1566,dev-576,40.2877,1.38551,helsinki,-3.28211
sensor_data,1732203119000000000,102,78.9843,dev-158,60.7126,11.0053,tampere,-5.35726
sensor_data,1732243839000000000,496,46.4964,dev-218,97.1248,77.2166,turku,-1.96896
sensor_data,1732288429000000000,150,26.4743,dev-385,88.4457,25.2823,tampere,15.1255
sensor_data,1732314478000000000,116,32.8145,dev-970,43.4389,26.833,turku,24.2924
sensor_data,1732372558000000000,32,93.5708,dev-559,38.441,34.8646,turku,5.0266
sensor_data,1732382590000000000,174,47.6733,dev-109,52.318,22.0986,helsinki,18.0623
sensor_data,1732407982000000000,455,59.6177,dev-028,56.6856,42.698,helsinki,2.82171
sensor_data,1732484557000000000,234,61.899,dev-910,22.3923,17.7551,helsinki,2.33056
sensor_data,1732492134000000000,320,46.0647,dev-097,89.5867,54.3554,turku,5.60586
sensor_data,1732500107000000000,166,14.433,dev-301,45.9459,42.8623,tampere,12.6704
sensor_data,1732530975000000000,288,0.189931,dev-853,22.7208,67.9869,turku,-4.05189
sensor_data,1732544070000000000,255,81.1881,dev-699,1.62828,68.299,turku,12.6856
sensor_data,1732633184000000000,492,63.3171,dev-760,36.1775,3.08766,turku,1.62321
sensor_data,1732667049000000000,331,99.574,dev-190,4.12004,75.7718,turku,22.3846
sensor_data,1732682451000000000,383,76.4058,dev-433,22.3944,11.2794,helsinki,-7.08742
sensor_data,1732724572000000000,214,50.4929,dev-715,20.7001,7.93763,tampere,18.6925
sensor_data,1732772211000000000,44,97.5189,dev-354,28.2766,50.3951,turku,11.0501
sensor_data,1732809504000000000,412,78.3397,dev-463,40.7383,71.6292,turku,0.712973
sensor_data,1732858031000000000,163,73.9933,dev-940,76.0531,7.14773,turku,1.50835
sensor_data,1732871421000000000,110,35.2483,dev-122,97.9405,24.7398,helsinki,9.69497
sensor_data,1732918936000000000,60,9.72397,dev-578,80.7721,26.1209,tampere,5.13679
sensor_data,1732950001000000000,266,55.7805,dev-438,3.0214,32.7707,tampere,-1.23034
sensor_data,1733029100000000000,412,52.7297,dev-708,52.1419,62.0602,helsinki,-8.77776
sensor_data,1733071950000000000,73,21.0866,dev-076,30.8651,64.1346,helsinki,20.9121
sensor_data,1733095644000000000,201,92.3609,dev-810,86.9042,30.361,tampere,-3.27412
sensor_data,1733102621000000000,132,12.4939,dev-330,76.0868,13.0515,turku,15.8641
sensor_data,1733110491000000000,380,99.5855,dev-130,51.1552,78.3609,tampere,22.3348
sensor_data,1733306870000000000,448,41.0816,dev-603,51.1092,24.4649,turku,0.75439
sensor_data,1733313688000000000,454,54.7507,dev-519,40.8042,9.76794,tampere,-5.75061
sensor_data,1733324348000000000,444,79.1766,dev-563,5.30628,19.7708,helsinki,1.62942
sensor_data,1733354710000000000,121,27.3121,dev-216,47.1521,68.0939,tampere,2.83662
sensor_data,1733355106000000000,174,10.4451,dev-442,22.0568,74.5578,helsinki,-1.4903
sensor_data,1733402729000000000,367,22.1855,dev-009,42.4413,26.141,tampere,-8.35406
sensor_data,1733431930000000000,190,26.167,dev-574,39.2535,68.1512,tampere,-4.64908
sensor_data,1733483802000000000,323,7.65381,dev-413,37.2647,59.5811,helsinki,20.2382
sensor_data,1733494581000000000,353,74.6624,dev-159,15.2739,33.9956,turku,14.5191
sensor_data,1733497921000000000,435,67.9011,dev-245,3.95361,3.60431,tampere,16.4186
sensor_data,1733509334000000000,322,61.7756,dev-308,34.1187,67.8931,helsinki,-1.27619
sensor_data,1733528615000000000,14,84.3384,dev-718,38.4478,42.5146,tampere,-4.09959
sensor_data,1733529426000000000,474,97.5777,dev-222,88.6513,16.4468,turku,10.692
sensor_data,1733535864000000000,17,94.2272,dev-777,44.5172,72.2077,turku,3.31287
sensor_data,1733715239000000000,266,18.4338,dev-841,86.8646,23.9642,tampere,-1.66318
sensor_data,1733762285000000000,215,91.7507,dev-110,26.9069,52.844,turku,-0.777972
sensor_data,1733845634000000000,115,64.2776,dev-144,5.23331,79.2532,turku,7.28588
sensor_data,1733857496000000000,54,42.5226,dev-396,28.8182,65.6565,helsinki,12.3622
sensor_data,1733904148000000000,437,81.1631,dev-183,64.7724,9.73538,helsinki,23.0244
sensor_data,1734011373000000000,303,68.7479,dev-801,71.1166,45.4884,tampere,9.22334
sensor_data,1734012381000000000,457,75.0806,dev-236,53.2322,50.808,helsinki,7.20604
sensor_data,1734146179000000000,186,72.794,dev-131,64.9319,72.0383,helsinki,8.00018
sensor_data,1734184673000000000,80,50.5842,dev-230,29.5013,58.3216,turku,4.67657
sensor_data,1734337956000000000,348,96.7269,dev-839,15.817,72.4861,tampere,14.8448
sensor_data,1734349753000000000,417,44.8442,dev-067,94.2765,31.6492,turku,-0.311767
sensor_data,1734430788000000000,323,81.8698,dev-103,2.53078,78.6643,turku,-2.08654
sensor_data,1734462653000000000,258,14.1572,dev-552,8.77746,29.817,tampere,-0.862049
sensor_data,1734498364000000000,392,63.3527,dev-966,66.0321,70.9296,turku,4.01576
sensor_data,1734537552000000000,419,0.343199,dev-269,37.8632,10.0561,turku,4.56821
sensor_data,1734587087000000000,429,73.5717,dev-478,88.6279,33.6881,turku,20.6812
sensor_data,1734595086000000000,31,96.2081,dev-671,49.8865,17.0224,tampere,14.4459
sensor_data,1734627929000000000,276,4.06237,dev-613,5.98716,39.0743,turku,14.8581
sensor_data,1734662293000000000,129,73.2464,dev-852,80.8165,16.1996,tampere,1.09573
sensor_data,1734690162000000000,456,13.4684,dev-492,66.981,66.673,tampere,-2.68848
sensor_data,1734781167000000000,217,14.7508,dev-940,80.7155,50.6881,tampere,24.3987
sensor_data,1734811742000000000,499,67.7998,dev-534,56.101,73.668,turku,-0.709263
sensor_data,1734950333000000000,223,34.9865,dev-442,70.8218,21.4026,helsinki,-4.57315
sensor_data,1735046105000000000,494,91.5565,dev-255,70.0727,36.5277,helsinki,6.83168
sensor_data,1735216395000000000,43,99.1361,dev-478,45.276,46.7026,tampere,-1.43175
sensor_data,1735218269000000000,137,18.7699,dev-908,77.2554,77.6841,turku,-2.83951
sensor_data,1735223399000000000,338,89.3169,dev-081,45.8365,48.3792,helsinki,-8.32866
sensor_data,1735296075000000000,395,18.2105,dev-337,59.3208,34.2674,turku,22.105
sensor_data,1735307670000000000,146,93.7811,dev-182,79.7372,2.28632,tampere,20.3707
sensor_data,1735389539000000000,380,7.25701,dev-678,14.7052,57.6412,turku,13.5831
sensor_data,1735428769000000000,489,1.07768,dev-488,16.5571,1.75521,helsinki,-4.02926
sensor_data,1735468474000000000,32,24.8476,dev-126,57.2634,16.827,turku,15.714
sensor_data,1735556094000000000,432,24.2515,dev-475,75.5989,78.3592,tampere,18.2119
sensor_data,1735580345000000000,495,1.73899,dev-393,75.2365,73.698,helsinki,6.71235
sensor_data,1735596090000000000,426,95.3809,dev-333,73.2245,58.9902,helsinki,17.2988
sensor_data,1735674800000000000,257,43.4019,dev-397,60.4735,54.2099,helsinki,24.9879
sensor_data,1735699267000000000,337,64.8789,dev-163,14.506,1.84806,helsinki,1.18986
sensor_data,1735724069000000000,430,4.44507,dev-729,38.8323,75.33,turku,-0.935196
sensor_data,1735785025000000000,194,66.2366,dev-538,71.9951,5.11596,helsinki,3.05505
sensor_data,1735835902000000000,452,13.375,dev-808,27.9434,49.8059,tampere,-2.34891
sensor_data,1735854267000000000,313,91.3019,dev-323,65.185,56.4295,turku,-1.81009
sensor_data,1736002254000000000,483,54.194,dev-066,90.9542,62.02,tampere,-0.670571
sensor_data,1736050143000000000,314,81.9331,dev-164,45.2287,6.4762,helsinki,21.2332
sensor_data,1736111323000000000,15,63.4731,dev-150,77.073,23.3446,turku,7.87997
sensor_data,1736121277000000000,363,76.9666,dev-736,78.9964,18.1114,turku,5.5614
sensor_data,1736170902000000000,178,51.1952,dev-272,22.1527,72.1379,turku,0.322715
sensor_data,1736430099000000000,151,21.2767,dev-307,73.8819,25.5283,helsinki,6.86616
sensor_data,1736494492000000000,115,83.5264,dev-779,20.3085,40.0274,helsinki,15.743
sensor_data,1736499309000000000,37,8.40865,dev-058,65.1912,55.478,turku,22.8702
sensor_data,1736542178000000000,243,89.1215,dev-094,4.27111,58.5987,helsinki,-0.727306
sensor_data,1736567422000000000,133,8.29841,dev-592,96.9813,28.4272,helsinki,-4.39194
sensor_data,1736644828000000000,456,5.25503,dev-354,92.0329,64.1831,tampere,20.254
sensor_data,1736653151000000000,157,72.7259,dev-252,33.4472,44.7178,tampere,-6.559
sensor_data,1736673421000000000,317,70.9136,dev-686,57.5634,71.7008,helsinki,16.6896
sensor_data,1736748831000000000,489,90.2883,dev-616,5.94744,38.7491,turku,3.01686
sensor_data,1736849031000000000,449,9.28694,dev-467,56.2439,68.3265,tampere,0.867096
sensor_data,1736876203000000000,416,31.6551,dev-048,43.6923,25.2956,helsinki,2.19879
sensor_data,1736975767000000000,306,73.9934,dev-449,46.2995,38.4388,helsinki,-3.97031
sensor_data,1737024515000000000,379,15.6264,dev-241,37.1255,28.6815,tampere,-9.83702
sensor_data,1737122577000000000,157,12.0377,dev-839,58.7023,78.5111,helsinki,7.73391
sensor_data,1737174441000000000,372,4.11222,dev-835,66.5953,77.1861,tampere,24.6728
sensor_data,1737257514000000000,121,31.3806,dev-843,80.8842,14.1906,tampere,22.2564
sensor_data,1737266929000000000,291,94.1273,dev-034,19.4999,34.9287,helsinki,21.7675
sensor_data,1737385103000000000,458,38.0431,dev-221,35.9161,5.90814,tampere,-5.0521
sensor_data,1737391600000000000,30,89.9509,dev-140,50.7981,67.4289,tampere,11.8113
sensor_data,1737473662000000000,56,29.826,dev-227,10.4152,26.1206,helsinki,-0.72709
sensor_data,1737492320000000000,390,74.8342,dev-632,99.225,16.1624,helsinki,-5.39267
sensor_data,1737566404000000000,270,79.8277,dev-068,68.4957,18.9052,helsinki,11.1379
sensor_data,1737571295000000000,210,35.4325,dev-580,92.6257,35.3943,tampere,-4.61597
sensor_data,1737650579000000000,490,2.8844,dev-797,52.2049,20.2103,turku,14.3657
sensor_data,1737682561000000000,328,85.5661,dev-069,56.307,25.1137,helsinki,1.37559
sensor_data,1737716134000000000,113,53.8826,dev-730,84.4523,61.844,tampere,-1.22211
sensor_data,1737728665000000000,174,28.6614,dev-337,12.856,3.91064,tampere,3.54051
sensor_data,1737738841000000000,278,6.24144,dev-435,58.4427,48.0305,tampere,10.1204
sensor_data,1737788223000000000,42,33.1187,dev-239,58.2499,40.3218,turku,18.3869
sensor_data,1737904017000000000,388,40.6534,dev-057,75.235,44.51,turku,-4.12722
sensor_data,1737957616000000000,322,72.1734,dev-508,79.0091,14.992,tampere,-8.51922
sensor_data,1738004718000000000,400,54.1344,dev-077,61.1775,64.9797,tampere,7.00824
sensor_data,1738113460000000000,454,34.1712,dev-203,72.8772,10.1512,turku,21.741
sensor_data,1738131188000000000,379,22.0779,dev-005,56.8786,3.53743,tampere,15.3128
sensor_data,1738134862000000000,251,76.3139,dev-754,74.5025,36.5343,turku,-8.47439
sensor_data,1738141377000000000,494,15.888,dev-366,53.7954,3.15326,turku,19.3083
sensor_data,1738179331000000000,49,25.5981,dev-494,8.85944,12.5196,tampere,-4.69435
sensor_data,1738241731000000000,243,45.9284,dev-382,35.6811,25.0056,helsinki,24.4473
sensor_data,1738263078000000000,393,83.6761,dev-280,11.441,3.22924,turku,-6.02841
sensor_data,1738309138000000000,364,85.9346,dev-523,90.1933,1.86207,turku,3.70325
sensor_data,1738314510000000000,237,58.6138,dev-169,53.7397,49.6355,helsinki,-8.30602
sensor_data,1738320909000000000,40,75.8682,dev-767,69.6157,20.7134,tampere,8.85669
sensor_data,1738352258000000000,271,10.8508,dev-028,48.1491,25.4432,tampere,18.1765
sensor_data,1738356769000000000,433,55.218,dev-847,22.6616,49.0668,helsinki,15.2584
sensor_data,1738385982000000000,405,92.3286,dev-626,49.7733,56.9508,helsinki,-6.25089
sensor_data,1738387508000000000,176,17.7557,dev-171,61.8561,22.5418,helsinki,-1.57578
sensor_data,1738418733000000000,240,53.2723,dev-903,37.4539,79.6483,tampere,9.44425
sensor_data,1738445554000000000,141,90.5523,dev-759,41.2165,39.1258,turku,-3.3725
sensor_data,1738451406000000000,479,93.2397,dev-019,88.9598,72.6266,tampere,8.73849
sensor_data,1738462292000000000,434,37.3417,dev-236,72.2216,3.41196,turku,-1.30392
sensor_data,1738481457000000000,342,27.0448,dev-294,28.8628,43.1805,turku,6.85128
sensor_data,1738508311000000000,359,55.0858,dev-536,23.6701,33.3419,turku,1.92243
sensor_data,1738538391000000000,42,63.3127,dev-953,4.2573,5.65303,tampere,-6.42433
sensor_data,1738714186000000000,58,87.2202,dev-759,42.2163,29.3354,tampere,13.409
sensor_data,1738793707000000000,471,36.2077,dev-500,91.6298,63.1235,helsinki,22.8595
sensor_data,1738820191000000000,148,1.57084,dev-325,5.76493,42.3861,turku,-7.88153
sensor_data,1738984155000000000,489,86.0606,dev-267,16.8058,45.2937,turku,-4.672
sensor_data,1739021451000000000,103,30.839,dev-358,42.367,70.5878,helsinki,10.5027
sensor_data,1739063650000000000,244,62.1186,dev-247,26.571,66.8668,turku,22.2221
sensor_data,1739096401000000000,354,85.2235,dev-458,60.1188,27.9859,turku,10.6862
sensor_data,1739120144000000000,156,69.1069,dev-782,52.6499,68.3062,tampere,-8.91174
sensor_data,1739144323000000000,289,90.8102,dev-594,60.7639,41.9266,turku,1.3338
sensor_data,1739171287000000000,251,80.632,dev-611,84.2792,0.395979,helsinki,22.1876
sensor_data,1739205098000000000,498,27.2919,dev-868,55.9799,62.6116,turku,17.8129
sensor_data,1739212400000000000,87,43.3372,dev-997,10.766,4.05989,helsinki,8.31515
sensor_data,1739221446000000000,86,33.1949,dev-237,29.4011,45.8232,tampere,-7.96398
sensor_data,1739304759000000000,498,23.939,dev-703,15.3248,79.2633,helsinki,11.9369
sensor_data,1739368201000000000,119,39.3236,dev-352,19.0994,34.9816,turku,-8.53714
sensor_data,1739376913000000000,91,55.71,dev-769,66.6027,27.115,turku,-7.26893
sensor_data,1739391883000000000,76,39.9207,dev-051,19.0928,57.6054,helsinki,13.4052
sensor_data,1739548691000000000,429,4.47645,dev-673,5.83601,29.3302,tampere,12.3656
sensor_data,1739559104000000000,137,24.3733,dev-742,16.1235,11.0356,helsinki,13.4135
sensor_data,1739652183000000000,280,29.8968,dev-875,46.7901,53.9551,helsinki,23.6587
sensor_data,1739761854000000000,38,49.7676,dev-073,68.9611,14.1218,turku,0.862074
sensor_data,1739822397000000000,226,15.6115,dev-820,93.7008,63.8902,helsinki,-0.0427888
sensor_data,1739937214000000000,117,92.339,dev-317,81.7513,75.8584,tampere,3.93447
sensor_data,1740006928000000000,143,0.250735,dev-733,70.8187,45.4239,tampere,5.11381
sensor_data,1740059852000000000,496,52.78,dev-863,50.0444,7.60847,turku,23.658
sensor_data,1740088694000000000,333,76.0166,dev-597,5.50472,0.641348,turku,20.8582
sensor_data,1740120129000000000,322,41.5172,dev-741,24.1826,49.2919,turku,-5.27456
sensor_data,1740169516000000000,94,14.8997,dev-421,27.985,5.96116,tampere,-4.91963
sensor_data,1740189432000000000,280,36.149,dev-650,68.2834,14.2863,helsinki,11.785
sensor_data,1740222320000000000,176,1.80115,dev-463,48.857,47.6806,helsinki,18.1661
sensor_data,1740256489000000000,363,9.37114,dev-418,42.596,47.1606,turku,9.25496
sensor_data,1740315075000000000,255,85.0841,dev-614,14.4333,27.3508,helsinki,23.5784
sensor_data,1740322323000000000,485,10.6494,dev-027,95.0038,31.347,tampere,-2.73852
sensor_data,1740369857000000000,302,15.5409,dev-968,67.9671,52.7233,tampere,1.89075
sensor_data,1740449134000000000,186,15.7629,dev-936,89.7091,15.9972,helsinki,-7.53591
sensor_data,1740462973000000000,45,8.58896,dev-965,53.8189,68.4005,turku,23.4251
sensor_data,1740504525000000000,15,8.2789,dev-747,6.1979,0.0859507,tampere,15.7817
sensor_data,1740508429000000000,420,63.305,dev-631,25.5673,70.384,turku,12.4611
sensor_data,1740552096000000000,53,44.7461,dev-861,52.6025,46.5316,turku,10.3186
sensor_data,1740593933000000000,456,11.126,dev-349,54.9238,10.5453,helsinki,15.7764
sensor_data,1740610961000000000,456,55.3225,dev-825,53.0524,2.25918,turku,17.3405
sensor_data,1740635996000000000,6,69.2463,dev-504,88.8614,52.489,helsinki,0.821632
sensor_data,1740675730000000000,406,17.5025,dev-877,27.0737,32.7253,tampere,11.8588
sensor_data,1740807892000000000,239,54.2742,dev-308,57.243,22.0498,tampere,-6.9197
sensor_data,1740811093000000000,176,82.3175,dev-698,7.49208,76.243,turku,20.0384
sensor_data,1740900004000000000,227,31.5558,dev-249,64.1472,25.1102,tampere,3.32268
sensor_data,1740964419000000000,427,86.4209,dev-276,9.76243,24.7325,helsinki,21.9023
sensor_data,1741036468000000000,413,98.8133,dev-048,16.0899,55.9305,tampere,-9.94184
sensor_data,1741087749000000000,275,2.19059,dev-548,64.0613,70.5768,tampere,17.9346
sensor_data,1741098672000000000,29,91.978,dev-904,44.324,76.5754,tampere,20.8996
sensor_data,1741126492000000000,108,49.9933,dev-806,9.97391,34.5383,helsinki,19.5804
sensor_data,1741130815000000000,304,93.1662,dev-183,59.1727,51.5243,tampere,-8.52763
sensor_data,1741199770000000000,290,74.1381,dev-255,92.269,64.904,tampere,17.3016
sensor_data,1741248781000000000,42,20.5062,dev-378,47.235,5.93185,turku,-1.49863
sensor_data,1741330021000000000,451,50.0469,dev-549,15.9988,56.3334,tampere,3.5573
sensor_data,1741380439000000000,472,66.8338,dev-127,66.6085,12.4346,helsinki,15.3132
sensor_data,1741406634000000000,365,55.1564,dev-114,5.90399,56.7705,turku,-4.3434
sensor_data,1741450422000000000,421,24.7108,dev-486,42.6243,66.0082,turku,17.1228
sensor_data,1741536334000000000,192,1.14647,dev-165,41.2456,36.6797,tampere,8.67935
sensor_data,1741558212000000000,217,3.97081,dev-665,14.6298,10.8137,turku,-4.10695
sensor_data,1741584087000000000,431,52.6293,dev-451,45.5829,53.1395,turku,12.5645
sensor_data,1741609920000000000,123,87.3966,dev-597,15.9248,76.826,helsinki,0.365123
sensor_data,1741716137000000000,2,41.8021,dev-118,9.55033,13.5607,tampere,11.6248
sensor_data,1741732021000000000,480,33.5816,dev-435,10.5931,16.3342,helsinki,7.05131
sensor_data,1741795602000000000,157,21.0349,dev-872,60.9263,77.965,helsinki,-5.39629
sensor_data,1741873206000000000,381,51.8249,dev-052,58.3146,8.91219,turku,4.5499
sensor_data,1741886326000000000,148,61.2849,dev-302,4.37022,39.4893,turku,11.979
sensor_data,1742003417000000000,319,65.0094,dev-408,86.4201,56.7029,helsinki,-4.18469
sensor_data,1742149975000000000,496,13.7931,dev-127,63.5814,51.5961,helsinki,-6.58192
sensor_data,1742151988000000000,260,46.2282,dev-887,1.18204,78.3704,tampere,21.2854
sensor_data,1742178696000000000,12,36.9123,dev-232,96.3079,66.2731,turku,-3.00089
sensor_data,1742204397000000000,412,93.7357,dev-885,13.7749,44.9579,turku,3.04925
sensor_data,1742219550000000000,66,4.66698,dev-687,45.5953,48.8192,helsinki,1.53473
sensor_data,1742257937000000000,121,8.56492,dev-130,21.301,72.9693,helsinki,-2.7268
sensor_data,1742351688000000000,306,19.4352,dev-284,68.9723,51.7972,tampere,19.7073
sensor_data,1742404380000000000,406,24.0786,dev-104,48.2871,51.9289,helsinki,11.9023
sensor_data,1742448546000000000,97,33.4085,dev-251,35.2863,64.4289,tampere,13.6569
sensor_data,1742476484000000000,397,10.6715,dev-614,67.4537,1.05102,tampere,21.3203
sensor_data,1742523850000000000,246,52.8359,dev-459,30.4697,75.1328,helsinki,22.6125
sensor_data,1742603669000000000,378,39.8509,dev-027,42.8142,39.747,helsinki,5.84448
sensor_data,1742604383000000000,280,54.1361,dev-325,33.9037,53.3732,helsinki,12.8964
sensor_data,1742612685000000000,212,51.1444,dev-135,0.373841,8.6945,turku,9.8682
sensor_data,1742642023000000000,232,56.893,dev-994,50.8896,56.4524,turku,-3.58286
sensor_data,1742658071000000000,28,34.5431,dev-619,34.9466,75.7944,tampere,9.30206
sensor_data,1742765984000000000,7,92.6142,dev-106,38.7719,68.0216,tampere,2.2566
sensor_data,1742772209000000000,443,48.5082,dev-826,22.9785,69.1055,turku,-4.90811
sensor_data,1742798973000000000,181,90.4324,dev-248,66.8857,41.7645,turku,-1.61289
sensor_data,1742820227000000000,337,90.2689,dev-625,59.5535,9.87561,tampere,2.58947
sensor_data,1742916666000000000,286,58.7899,dev-939,92.1387,10.7764,turku,0.456918
sensor_data,1742924481000000000,306,72.5377,dev-546,52.5335,54.7079,tampere,0.60725
sensor_data,1742966212000000000,494,90.6206,dev-592,55.264,76.6482,turku,17.6736
sensor_data,1742986667000000000,107,12.7692,dev-348,0.300581,55.6999,tampere,6.81266
sensor_data,1742990470000000000,134,14.8438,dev-758,79.2238,44.7695,turku,5.98905
sensor_data,1743011223000000000,423,77.1091,dev-517,77.3797,29.4686,helsinki,21.7826
sensor_data,1743036640000000000,159,17.1598,dev-341,41.9533,46.1751,tampere,-5.28305
sensor_data,1743038950000000000,91,80.2939,dev-257,96.1138,17.5149,helsinki,12.2197
sensor_data,1743048558000000000,316,80.4819,dev-989,38.0854,18.9897,tampere,-3.95139
sensor_data,1743057716000000000,326,19.0814,dev-312,56.5323,18.5953,turku,2.47223
sensor_data,1743096723000000000,473,12.6241,dev-233,83.6754,65.6949,turku,-4.0108
sensor_data,1743156577000000000,463,43.3092,dev-653,4.66707,38.024,helsinki,14.0505
sensor_data,1743185885000000000,318,3.42658,dev-512,43.3463,57.6456,helsinki,11.3394
sensor_data,1743215540000000000,455,70.7426,dev-603,1.458,4.86524,turku,9.61704
sensor_data,1743244949000000000,139,10.4341,dev-392,29.4751,76.079,helsinki,-8.6809
sensor_data,1743255273000000000,134,5.1686,dev-212,65.8158,75.5532,helsinki,4.01811
sensor_data,1743308944000000000,359,30.7737,dev-386,24.7446,64.9385,turku,-9.75535
sensor_data,1743414124000000000,185,5.73587,dev-449,17.699,16.4528,tampere,18.3056
sensor_data,1743416895000000000,260,21.6991,dev-988,31.9366,63.6714,tampere,-1.47368
sensor_data,1743479063000000000,446,32.5044,dev-403,60.7345,39.5124,helsinki,-0.92158
sensor_data,1743490450000000000,242,84.4718,dev-449,73.0911,24.5353,turku,-2.99512
sensor_data,1743508019000000000,224,6.64447,dev-725,80.1628,75.3469,helsinki,-3.67423
sensor_data,1743563458000000000,122,4.03215,dev-679,52.9856,2.09878,turku,-5.98147
sensor_data,1743589345000000000,338,75.4777,dev-758,11.5023,16.0863,helsinki,7.11533
sensor_data,1743607250000000000,429,30.0331,dev-983,46.2207,71.5645,turku,8.75386
sensor_data,1743674264000000000,342,87.7054,dev-283,85.6095,33.6377,tampere,6.92997
sensor_data,1743708050000000000,440,56.5732,dev-728,16.5343,43.3397,tampere,-5.66751
sensor_data,1743722111000000000,340,1.76109,dev-282,39.5235,46.297,tampere,20.3576
sensor_data,1743745762000000000,65,4.59047,dev-952,54.8505,34.5437,helsinki,8.88081
sensor_data,1743776791000000000,54,35.3711,dev-455,60.6201,1.1007,turku,-7.62514
sensor_data,1743794186000000000,360,31.6762,dev-096,65.995,21.2466,helsinki,21.2043
sensor_data,1743912308000000000,223,96.8209,dev-368,19.0249,3.01147,turku,21.6054
sensor_data,1744006433000000000,175,0.00774929,dev-608,0.332142,15.9474,helsinki,5.31011
sensor_data,1744042556000000000,346,26.5668,dev-668,29.5743,11.3173,tampere,21.6864
sensor_data,1744150016000000000,357,86.3206,dev-237,98.2934,46.7109,helsinki,-8.95086
sensor_data,1744180084000000000,26,52.1389,dev-970,45.9907,20.5971,tampere,13.4368
sensor_data,1744191710000000000,102,54.4843,dev-063,45.3422,77.2658,helsinki,24.1036
sensor_data,1744192045000000000,379,44.1158,dev-337,41.5627,33.9755,tampere,7.766
sensor_data,1744198786000000000,70,48.6834,dev-012,59.2667,16.9435,tampere,-4.52844
sensor_data,1744363174000000000,136,58.2837,dev-598,28.4255,21.973,helsinki,10.6692
sensor_data,1744405089000000000,219,93.8849,dev-183,27.8141,35.292,tampere,-5.03201
sensor_data,1744525952000000000,14,66.4869,dev-973,26.6442,32.762,tampere,9.04543
sensor_data,1744570955000000000,211,44.5878,dev-041,13.0824,46.2863,tampere,5.02747
sensor_data,1744591170000000000,425,69.1772,dev-801,46.1768,4.29101,helsinki,-2.12016
sensor_data,1744670201000000000,280,0.14759,dev-372,49.5549,55.2031,helsinki,6.11002
sensor_data,1744720621000000000,296,15.9269,dev-850,38.4335,76.585,helsinki,0.383403
sensor_data,1744750810000000000,60,87.7081,dev-187,90.4981,38.7692,helsinki,16.3416
sensor_data,1744906131000000000,262,9.24465,dev-705,89.4456,29.9788,helsinki,18.672
sensor_data,1744949874000000000,139,82.6755,dev-331,98.5808,79.8422,turku,8.97348
sensor_data,1745009930000000000,138,29.4456,dev-840,5.68808,35.4897,turku,9.17997
sensor_data,1745039571000000000,132,50.9256,dev-910,80.5925,28.2628,turku,14.7536
sensor_data,1745039713000000000,336,26.1279,dev-008,91.4991,69.3624,tampere,-0.935469
sensor_data,1745060272000000000,130,40.8734,dev-657,48.4255,60.545,tampere,5.68075
sensor_data,1745073727000000000,351,45.1904,dev-588,73.1304,72.927,tampere,20.7959
sensor_data,1745132050000000000,211,48.0077,dev-971,81.835,12.156,tampere,4.62996
sensor_data,1745167224000000000,322,53.5772,dev-771,89.3492,0.643485,helsinki,21.3483
sensor_data,1745235818000000000,186,34.3709,dev-593,98.9143,52.1295,tampere,-7.82003
sensor_data,1745333673000000000,107,28.1663,dev-513,68.0371,2.06158,turku,19.9806
sensor_data,1745428213000000000,8,51.8607,dev-347,1.76344,75.3904,turku,-9.3281
sensor_data,1745454888000000000,348,30.2814,dev-174,71.1695,73.1476,helsinki,0.657181
sensor_data,1745542125000000000,59,81.844,dev-777,15.6902,18.6813,helsinki,5.51803
sensor_data,1745570048000000000,67,40.4502,dev-953,76.9196,79.2583,turku,-4.969
sensor_data,1745876399000000000,50,75.2724,dev-131,19.9277,73.6589,turku,15.6342
sensor_data,1745913690000000000,220,23.2383,dev-024,74.9278,2.52394,tampere,15.2036
sensor_data,1745925491000000000,442,83.1121,dev-990,42.3788,16.7197,tampere,4.34501
sensor_data,1745931956000000000,370,51.1838,dev-136,66.6414,14.1239,tampere,-8.41749
sensor_data,1745955139000000000,355,5.86874,dev-496,9.35533,14.1647,turku,-9.51013
sensor_data,1745975991000000000,447,30.5469,dev-203,38.6924,67.6923,helsinki,22.2906
sensor_data,1746059657000000000,342,67.9059,dev-882,21.2853,65.071,tampere,13.8137
sensor_data,1746081651000000000,235,62.6247,dev-233,39.4353,38.4439,turku,-9.87222
sensor_data,1746108690000000000,106,2.43349,dev-931,80.1109,8.88067,turku,-5.31537
sensor_data,1746147679000000000,216,48.3883,dev-644,25.0408,27.7931,helsinki,21.917
sensor_data,1746258656000000000,252,60.5474,dev-916,23.0921,76.0484,turku,-0.475147
sensor_data,1746266889000000000,386,15.489,dev-673,2.97123,3.72194,helsinki,17.1485
sensor_data,1746341611000000000,309,74.7806,dev-681,60.8902,54.6724,turku,19.4118
sensor_data,1746474005000000000,127,71.4444,dev-717,79.909,56.4086,turku,19.145
sensor_data,1746487294000000000,355,29.37,dev-419,41.2417,14.2287,turku,-9.51921
sensor_data,1746548276000000000,442,99.2098,dev-196,91.5771,72.8388,turku,-5.01512
sensor_data,1746604933000000000,371,36.8807,dev-630,23.3212,28.9597,tampere,18.0026
sensor_data,1746608626000000000,425,82.1765,dev-699,96.6567,39.1318,tampere,2.51385
sensor_data,1746703483000000000,325,44.0434,dev-379,23.9512,13.8475,turku,3.14858
sensor_data,1746792147000000000,72,34.3708,dev-615,80.1734,3.52056,tampere,5.90657
sensor_data,1746801382000000000,428,98.5434,dev-582,13.3825,40.4227,tampere,13.7989
sensor_data,1746926893000000000,116,64.5129,dev-844,22.5808,10.7566,helsinki,-7.39877
sensor_data,1746935990000000000,458,92.9403,dev-764,81.6605,23.1367,tampere,-6.98043
sensor_data,1746951330000000000,483,54.1196,dev-863,82.5282,15.9414,helsinki,-0.189947
sensor_data,1747200819000000000,381,30.5943,dev-868,99.0879,10.2899,tampere,12.044
sensor_data,1747202871000000000,264,92.6077,dev-021,22.2462,32.428,turku,7.5033
sensor_data,1747258605000000000,70,66.9043,dev-555,50.9333,59.9335,tampere,-6.91556
sensor_data,1747398156000000000,159,81.9262,dev-906,99.0621,61.5795,turku,-7.97751
sensor_data,1747428768000000000,483,96.3365,dev-409,90.4555,16.078,helsinki,13.1543
sensor_data,1747478038000000000,62,26.4659,dev-525,17.4245,24.9525,turku,8.76578
sensor_data,1747509780000000000,159,94.7722,dev-553,72.4781,32.1382,tampere,3.5284
sensor_data,1747515574000000000,80,84.4734,dev-556,22.0261,59.9414,tampere,-9.12005
sensor_data,1747521996000000000,105,98.8247,dev-358,39.4516,47.5498,turku,-3.70279
sensor_data,1747564083000000000,193,4.43724,dev-562,36.9077,5.47683,helsinki,19.6828
sensor_data,1747602277000000000,487,17.7644,dev-261,99.1128,16.1732,tampere,12.4038
sensor_data,1747629987000000000,441,0.729015,dev-833,33.4472,16.3684,helsinki,-2.92368
sensor_data,1747701031000000000,17,68.8658,dev-187,28.8383,35.5876,turku,15.3862
sensor_data,1747750201000000000,317,60.6153,dev-527,63.3673,53.8873,tampere,9.12928
sensor_data,1747837727000000000,138,39.7506,dev-587,81.1283,77.0742,tampere,3.05762
sensor_data,1747875872000000000,442,62.4643,dev-849,57.3801,57.6219,helsinki,22.687
sensor_data,1747899470000000000,253,76.8802,dev-662,3.15522,43.4508,helsinki,3.83531
sensor_data,1747956144000000000,475,78.9695,dev-059,51.727,69.5736,tampere,13.8288
sensor_data,1748004944000000000,360,54.483,dev-526,59.4127,56.5685,turku,1.67557
sensor_data,1748025467000000000,218,20.7446,dev-096,27.3274,5.26799,tampere,18.7089
sensor_data,1748086713000000000,367,18.3242,dev-997,96.171,76.9413,helsinki,3.41467
sensor_data,1748096366000000000,260,62.471,dev-240,74.8583,4.48684,tampere,13.4463
sensor_data,1748112806000000000,239,3.80572,dev-911,45.4389,31.2867,turku,5.4695
sensor_data,1748113322000000000,347,60.0164,dev-231,85.0183,64.3447,turku,23.4913
sensor_data,1748240877000000000,216,94.2902,dev-587,43.5631,55.7572,turku,7.77591
sensor_data,1748271356000000000,220,71.054,dev-881,44.7287,20.9087,tampere,6.20155
sensor_data,1748360425000000000,308,76.0645,dev-460,86.1452,32.3912,helsinki,15.4758
sensor_data,1748411061000000000,361,50.7526,dev-860,40.8657,34.7825,helsinki,-3.02007
sensor_data,1748459741000000000,403,30.8938,dev-124,53.3289,2.04504,tampere,5.8047
sensor_data,1748460908000000000,119,49.4682,dev-864,59.9691,56.5778,tampere,-5.22062
sensor_data,1748577008000000000,176,23.5843,dev-719,89.7001,39.2321,turku,12.5919
sensor_data,1748636311000000000,106,70.6136,dev-897,82.7906,7.7888,turku,24.4986
sensor_data,1748669053000000000,322,50.0385,dev-677,29.8487,37.9609,helsinki,-3.85346
sensor_data,1748671614000000000,151,89.4454,dev-524,33.7568,64.927,helsinki,3.42379
sensor_data,1748730295000000000,63,79.0373,dev-681,61.0153,12.6081,tampere,20.547
sensor_data,1748780329000000000,176,41.9747,dev-333,6.2805,54.4742,helsinki,-1.23985
sensor_data,1748786058000000000,30,99.8052,dev-214,94.8261,23.9179,turku,17.425
sensor_data,1748807794000000000,155,41.5795,dev-890,5.92889,11.8888,tampere,-2.64291
sensor_data,1748943460000000000,61,70.3659,dev-296,31.4298,10.9975,helsinki,23.9028
sensor_data,1748976771000000000,279,36.7846,dev-700,88.2717,57.7758,tampere,-9.63695
sensor_data,1748995399000000000,324,37.1424,dev-575,38.3496,28.1884,turku,22.6083
sensor_data,1748996204000000000,1,6.22594,dev-241,50.3289,6.83853,tampere,14.2874
sensor_data,1749032797000000000,225,48.8802,dev-264,46.2013,5.13214,tampere,12.5447
sensor_data,1749044141000000000,33,0.456742,dev-624,73.3594,1.03563,turku,13.9918
sensor_data,1749266050000000000,498,43.1463,dev-607,35.1847,46.8053,helsinki,4.73442
sensor_data,1749299307000000000,427,35.697,dev-938,2.17622,79.9309,tampere,4.17282
sensor_data,1749313507000000000,283,83.1273,dev-838,82.0249,11.7668,tampere,-2.3448
sensor_data,1749360603000000000,108,9.15655,dev-564,60.586,70.0415,helsinki,11.802
sensor_data,1749389091000000000,28,5.58988,dev-605,16.3077,18.3538,tampere,-6.74868
sensor_data,1749472262000000000,91,45.8713,dev-554,20.1773,62.392,tampere,17.054
sensor_data,1749538261000000000,172,50.1408,dev-825,74.8159,78.4244,turku,8.76394
sensor_data,1749572325000000000,77,55.2461,dev-203,45.5553,13.2286,turku,17.272
sensor_data,1749574694000000000,155,64.1629,dev-479,9.75923,41.9488,tampere,6.54529
sensor_data,1749639695000000000,154,54.0853,dev-557,11.2125,42.1048,tampere,-1.22485
